1,nr1,,nr1.jpg,hashtags,date
2,nr2,,nr2.jpg,,
3,nr3,,nr3.jpg,,
4,nr4,,nr4.jpg,,
5,nr5,,nr5.jpg,,
6,nr6,,nr6.jpg,,
7,nr7,,nr7.jpg,,
8,nr8,,nr8.png,,
9,nr9,,nr9.png,,
10,nr10,,nr10.png,,
11,nr11,,nr11.png,,
12,nr12,,nr12.png,,
13,nr13,,nr13.png,,
14,nr14,,nr14.png,,
15,nr15,,nr15.png,,
16,nr16,,nr16.png,,
17,nr17,,nr17.png,,
18,nr18,,nr18.png,,
19,nr19,,nr19.png,,
20,nr20,,nr20.png,,
21,nr21,,nr21.png,,
22,nr22,,nr22.png,,
23,nr23,,nr23.jpg,,
24,nr24,,nr24.png,,
25,nr25,,nr25.png,,
26,nr26,,nr26.png,,
27,nr27,,nr27.png,,
28,video,tmsecomixtrailer,,,
29,nr28,,nr28.png,,
30,nr29,,nr29.png,,
31,nr30,,nr30.gif,,
32,nr31,,nr31.png,,
33,nr32,,nr32.png,,
34,nr33,,nr33.png,,
35,MInr0,,MInr0.png,,
36,MInr1,,MInr1.png,,
37,MInr2,,MInr2.png,,
38,nr34,,nr34.png,,
39,MInr3,Troubles with a top hat,MInr3.png,,
40,nr35,where did that guy come from?,nr35.png,,
41,MInr4,,MInr4.png,,
42,nr36,,nr36.png,,
43,nr37,,nr37.png,,
44,nr38,,nr38.gif,,
45,nr39,,nr39.png,,
46,MInr5,,MInr5.png,,
47,nr40,,nr40.png,,
48,nr41,,nr41.png,,
49,nr42,,nr42.png,,
50,nr43,,nr43.png,,
51,nr44,,nr44.png,,
52,nr45,,nr45.png,,
53,nr46,,nr46.png,,
54,nr47,,nr47.png,,
55,nr48,,nr48.png,,
56,nr49,,nr49.png,,
57,nr50,,nr50.png,,
58,nr51,,nr51.png,,
59,nr52,,nr52.png,,
60,nr53,,nr53.png,,
61,nr54,,nr54.gif,,
62,nr55,,nr55.png,,
63,nr56,,nr56.png,,
64,nr57,,nr57.png,,
65,nr58,,nr58.png,,
66,nr59,,nr59.png,,
67,nr60,,nr60.png,,
68,nr61,,nr61.png,,
69,nr62,silent watcher,nr62.png,,
70,nr63,Happiness wizard,nr63.png,,
71,nr64,corporate smalltalks #1,nr64.png,,
72,nr65,corporate smalltalks #2,nr65.png,,
73,nr66,shoot to the moon,nr66.png,,